,Job_name,Job_url,Company_name,Job_location,Job_summary,Job_salary,Post_date,Today_date
0,newWeb Developer,https://malaysia.indeed.com//company/GOIP-365-BIZ-SDN-BHD/jobs/Web-Developer-ffd85c1b0f280b6a?fccid=f20180e7d0e872c1&vjs=3,GOIP 365 BIZ SDN BHD,Kuala Lumpur,"You will be working alongside a team of other developers in creating, maintaining, and updating our websites.In order for you to succeed in this role, you will…","RM 4,500 - RM 7,000 a month",2021-09-25,2021-09-26
1,Junior/Senior Frontend Web Developer,https://malaysia.indeed.com//company/Bitlab-Digital/jobs/Junior-Senior-Frontend-Web-Developer-24cae9ff2bf86a48?fccid=b0fe31b9bb15e6f7&vjs=3,Bitlab Digital,Kuala Lumpur•Remote,Experiences in developing progressive web applications (PWA).Experiences in developing single-page web applications (SPA).Knowledge of RESTful Web Services.,"RM 3,000 - RM 7,000 a month",2021-09-12,2021-09-26
2,WEB DEVELOPER,https://malaysia.indeed.com//company/Gamelobb-Studio-Bhd/jobs/Web-Developer-32162ae797d629a7?fccid=ac8a931ffdb11568&vjs=3,Gamelobb Studio Bhd,Bangsar South•Temporarily Remote,"Proven working experience in web programming.Cooperate with web designers to match visual design intent.Adequate knowledge of relational database systems,…","RM 5,000 a month",2021-09-15,2021-09-26
3,newFrontend Web Developer,https://malaysia.indeed.com/viewjob?jk=d515c90ae804d94b&fccid=24b20ca77b215aab&vjs=3,SHAH WIRELESS SERVICES SDN. BHD.,Kuala Lumpur,Job : *FRONTEND WEB DEVELOPER* Location: Kuala Lumpur Salary : RM6000 - RM12000 *MUST HAVE* Must process at least a Degree/Diploma in Computer Science or design…,"RM 10,000 - RM 12,999 a month",2021-09-19,2021-09-26
4,Junior/Senior Backend Web Developer,https://malaysia.indeed.com//company/Bitlab-Digital/jobs/Junior-Senior-Backend-Web-Developer-292f4ced797cf529?fccid=b0fe31b9bb15e6f7&vjs=3,Bitlab Digital,Kuala Lumpur•Remote,Experienced in developing and deploying web applications using Model-View-Controller based web frameworks like .Knowledge of RESTful Web Services.,"RM 3,000 - RM 7,000 a month",2021-09-12,2021-09-26
5,Web Developer,https://malaysia.indeed.com//company/ADF-Technologies-Sdn-Bhd/jobs/Web-Developer-7845f34c19ea5caa?fccid=898468f11d586a95&vjs=3,ADF Technologies Sdn Bhd,Mont Kiara,"Design, code and modify websites, from layout to function and according to product specification.Create visually appealing sites that feature user-friendly…","RM 3,999 a month",2021-09-07,2021-09-26
6,Web Developer,https://malaysia.indeed.com//company/Social-Grooves/jobs/Web-Developer-0a8a743f57907baa?fccid=f3829884e05230dc&vjs=3,Social Grooves,Kuala Lumpur,"Perform web maintenance tasks for clients' websites.Develop, test and implement high-end performance web UIs across multiple browsers, platforms and devices…","RM 2,500 - RM 3,200 a month",2021-09-10,2021-09-26
7,newWeb Developer,https://malaysia.indeed.com/viewjob?jk=eb093a0e8a159268&fccid=21001f887347baaa&vjs=3,CARNABY GROUP SDN BHD,Kuala Lumpur,"Web developers develop, implement and document web-accessible software based on the designs provided.They align the client's web presence with its business…","RM 4,000 - RM 4,999 a month",2021-09-18,2021-09-26
8,newWeb Developer (Internship),https://malaysia.indeed.com//company/George-Medical-Getaway/jobs/Web-Developer-977bb192c5752606?fccid=f47ec651550a903c&vjs=3,George Medical Getaway,Taman Tun Dr Ismail,"Collaborate closely with your team members, including other designers, developers and project managers.Design websites, layouts, app interfaces and more.",N/A,2021-09-25,2021-09-26
9,Front End Web Developer,https://malaysia.indeed.com/viewjob?jk=737c8251112a7182&fccid=2b7ee601a2e9ee00&vjs=3,SNSOFT SDN BHD,Kuala Lumpur,"Design, prototype, implement and test solutions for web/mobile.Provide improvements in the web technologies by doing continuous research of new technologies…","RM 6,000 - RM 7,999 a month",2021-09-09,2021-09-26
10,Junior Web Developer @ KL [Fresh Grad],https://malaysia.indeed.com/viewjob?jk=0eb5add7bb062498&fccid=150b014f8323443d&vjs=3,Agensi Pekerjaan JEV Management Sdn Bhd,Kuala Lumpur,Develop new system and enhance the existing system.Prepares reference for users by writing operating instructions.Full body Checkup (Employee only).,"RM 3,000 - RM 5,000 a month",2021-08-31,2021-09-26
11,Web Developer Fresh Graduate,https://malaysia.indeed.com//company/Deconomy-System-Sdn-Bhd/jobs/Web-Developer-Fresh-Graduate-41e5e4b99e82dd6e?fccid=c07bd09d28ef96f6&vjs=3,Deconomy System Sdn Bhd,Kuala Lumpur•Temporarily Remote,"Cooperate with web designers to match visual design intent.Write well designed, testable, efficient code by using best software development practices.","RM 2,000 - RM 2,500 a month",2021-08-27,2021-09-26
12,Senior PHP & Web Developer,https://malaysia.indeed.com//company/Scandiweb/jobs/Senior-PHP-Web-Developer-adf88d915e6e484d?fccid=5cd2caf260975282&vjs=3,Scandiweb,Kuala Lumpur•Remote,"_NOTE! If you are starting your journey with us remotely, you will need to have your own hardware setup.You actively engage with your teammates to discuss your…","RM 7,000 a month",2021-08-27,2021-09-26
13,Web Developer,https://malaysia.indeed.com/viewjob?jk=7749561f0bd1ae1d&fccid=72b8d12a4d040e7c&vjs=3,Qube Apps Solutions Sdn Bhd,Kuala Lumpur,"Cooperate with web designers to match visual design intent.ResponsibilitiesWrite well designed, testable, efficient code by using best software development…",N/A,2021-09-07,2021-09-26
14,Front End Web Developer (Fresh Grad),https://malaysia.indeed.com//company/Recruit-Express-Service-Sdn-Bhd/jobs/Front-End-Web-Developer-08d986953eadfb1d?fccid=0a954ba2806c8b93&vjs=3,Recruit Express Service Sdn Bhd,Kuala Lumpur,"Skills in these languages/technologies (Bootstrap, Javascript, CSS, HTML) to effectively build and customise web templates.Experience with CI/AD pipelines.","RM 3,500 - RM 6,000 a month",2021-09-02,2021-09-26
